{
  "input_feature_names": [
    "heel_x_min",
    "heel_x_max",
    "heel_y_min",
    "heel_y_max",
    "heel_center_x",
    "heel_center_y",
    "heel_width",
    "heel_height",
    "heel_area",
    "heel_pressure",
    "brake_pressed",
    "accel_pressed",
    "car_velocity_kph",
    "heel_anchor_dx",
    "heel_anchor_dy",
    "heel_motion_mag",
    "heel_lateral_offset",
    "heel_brake_side_bias",
    "heel_accel_side_bias",
    "pressure_velocity",
    "intended_is_brake",
    "intended_is_accel",
    "actual_is_none",
    "intended_pressed_match",
    "intended_pedal_code",
    "pressed_state_code"
  ],
  "numeric_feature_names": [
    "heel_x_min",
    "heel_x_max",
    "heel_y_min",
    "heel_y_max",
    "heel_center_x",
    "heel_center_y",
    "heel_width",
    "heel_height",
    "heel_area",
    "heel_pressure",
    "brake_pressed",
    "accel_pressed",
    "car_velocity_kph",
    "heel_anchor_dx",
    "heel_anchor_dy",
    "heel_motion_mag",
    "heel_lateral_offset",
    "heel_brake_side_bias",
    "heel_accel_side_bias",
    "pressure_velocity",
    "intended_is_brake",
    "intended_is_accel",
    "actual_is_none",
    "intended_pressed_match"
  ],
  "categorical_feature_names": [
    "intended_pedal_code",
    "pressed_state_code"
  ],
  "label_names": [
    "safe",
    "warning",
    "dangerous"
  ],
  "mean": [
    0.40546348690986633,
    0.505325436592102,
    0.799254834651947,
    0.8693161010742188,
    0.45539531111717224,
    0.8342905044555664,
    0.09986188262701035,
    0.07006124407052994,
    0.006995394825935364,
    49.52245330810547,
    0.43958333134651184,
    0.4866666793823242,
    32.16524124145508,
    0.004195292014628649,
    -0.0007094999891705811,
    0.049724847078323364,
    -0.06960470974445343,
    0.13539530336856842,
    -0.2746047079563141,
    1596.7247314453125,
    0.4829166531562805,
    0.5170833468437195,
    0.07374999672174454,
    0.8058333396911621
  ],
  "std": [
    0.0727975070476532,
    0.07254622131586075,
    0.035812411457300186,
    0.035812973976135254,
    0.07228680700063705,
    0.03535512462258339,
    0.01494626048952341,
    0.011642159894108772,
    0.0015675153117626905,
    12.649922370910645,
    0.4964398443698883,
    0.49992635846138,
    17.878910064697266,
    0.07228680700063705,
    0.03535512462258339,
    0.06340258568525314,
    0.07228680700063705,
    0.07228680700063705,
    0.07228680700063705,
    1049.44287109375,
    0.49981221556663513,
    0.49981221556663513,
    0.26141807436943054,
    0.39564022421836853
  ],
  "num_numeric": 24,
  "num_categorical": 2,
  "input_dim": 26,
  "intended_map": {
    "brake": 0,
    "accel": 1
  },
  "pressed_state_map": {
    "none": 0,
    "brake": 1,
    "accel": 2
  },
  "categorical_cardinalities": {
    "intended_pedal_code": 2,
    "pressed_state_code": 3
  },
  "expects_raw_combined_input": true,
  "notes": "Pass one float input row ordered exactly as input_feature_names. Numeric features should be raw, unnormalized values. The final two inputs are categorical codes as numeric values; the ONNX wrapper rounds and clamps them internally."
}